INSERT INTO users (id , name , age ) VALUES (1, 'Bob', 18), 
(2, 'Carly', 119), 
(3, 'Jonny', 42), 
(4, 'Alison', 36), 
(5, 'Tom', 24), 
(6, 'Whitney', 33), 
(7, 'Alan', 77), 
(8, 'Jason', 55), 
(9, 'Miles', 22), 
(10, 'Curt', 29), 
(11, 'Will', 77), 
(12, 'Tran', 23), 
(13, 'Bobby', 21), 
(14, 'Bobbi', 123), 
(15, 'Boby', 44),
(16, 'Cory', 31),
(17, 'Nate', 32),
(18, 'Nathan', 33),
(19, 'Josh', 34),
(20, 'Joshua', 35);

INSERT INTO projects (id, title, category, funding_goal, start_date, end_date) VALUES 
  (1, 'Big Pics', 'Classic', 1000, 10-10-10, 11-11-11),
  (2, 'Lion', 'Pets', 1000, 10-10-10, 11-11-11),
  (3, 'Bats', 'Moar Pets', 1000, 10-10-10, 11-11-11),
  (4, 'Coffee Beans', 'Not Pets', 1000, 10-10-10, 11-11-11),
  (5, 'I have books', 'Book Idea', 1000, 10-10-10, 11-11-11),
  (6, 'The long and windy bean trail', 'Treasure Hunt', 1000, 10-10-10, 11-11-11),
  (7, 'This', 'is', 1000, 10-10-10, 11-11-11),
  (8, 'Taking', 'Way', 1000, 10-10-10, 11-11-11),
  (9, 'Too', 'Long', 1000, 10-10-10, 11-11-11),
  (10, 'I do', 'Delcare!', 1000, 10-10-10, 11-11-11);

INSERT INTO pledges (id, amount, user_id, project_id) VALUES
(1, 1000, 1, 1),
(2, 1000, 12, 1),
(3, 1000, 13, 1),
(4, 1000, 14, 1),
(5, 1000, 15, 1),
(6, 1000, 16, 1),
(7, 1000, 17, 1),
(8, 1000, 18, 1),
(9, 1000, 19, 1),
(10, 1000, 111, 1),
(11, 1000, 12, 1),
(12, 1000, 132, 1),
(13, 1000, 1, 1),
(14, 1000, 1, 1),
(15, 1000, 1, 1),
(16, 1000, 1, 1),
(17, 1000, 1, 1),
(18, 1000, 1, 1),
(19, 1000, 1, 1),
(20, 1000, 1, 1),
(21, 1000, 1, 1),
(22, 1000, 1, 1),
(23, 1000, 1, 1),
(24, 1000, 1, 1),
(25, 1000, 1, 1),
(26, 1000, 1, 1),
(27, 1000, 1, 1),
(28, 1000, 1, 1),
(29, 1000, 1, 1),
(30, 1000, 1, 1);
